2.7071297,-7.1231494,-3.4212346,-4.5790663,4.645696,-4.3945403,4.0006847,-6.3837557,4.1228557,7.165483,2.6091568,-0.55017257,6.9299693,4.9300027,-2.6261656,7.3230257,7.8315415,-4.9212155,-3.7886705,1.314638,-1.3475045,-1.2068856,6.024045,8.561206,-7.0583115,-8.796338,-4.9581256,7.144058,-5.085257,0.2635547,5.739381,0.8872719,0.11227315,-7.398267,-7.093632,-0.3524298,7.3333354,7.983948,-4.1348953,-5.9266896,-2.0429862,-0.11564945,7.3484774,4.9582906,7.670201,-0.24021202,-1.75334,-2.8222628,-6.651785,-6.50328,-6.15424,-6.5473943,-2.5888233,7.8648205,-2.9680343,5.135943,-3.5201404,-5.8774433,4.5307097,0.99994016,3.2238078,-4.63307,-7.6215005,2.2393045,-7.0451856,-2.6713505,-6.933512,0.36368826,-0.34866863,4.9521413,-1.1481705,-5.314832,-6.5198283,0.20288245,6.0674133,6.0776196,1.4070643,-5.460577,6.835659,-5.1110373,11.726598,0.033716477,8.458565,6.170663,7.345611,4.5966263,-2.3152711,4.9726996,-7.2091904,-3.0606213,-5.6187,-3.1034136,-5.9687366,-3.334582,-1.6162602,-6.205576,-3.1739676,-6.370497,6.358466,-5.9068494,2.4049618,-5.289762,8.54828,1.8784969,-6.2308784,5.956306,6.2667336,6.413824,-5.501919,-0.9611346,-0.6342307,-7.5347757,-8.324525,-2.8595262,-4.4688,3.7394402,2.2587802,7.5002775,2.3237464,-5.8060474,-1.7055876,-7.067956,6.6507716,-5.830572,-3.1367624,8.846996,0.14389783,-0.35295972,2.0805697,2.972393,-4.0132723,-6.4477243,7.7037067,-5.2993183,6.9247074,6.1616874,-6.233616,-4.9393916,-4.2464128,0.3155759,5.4881973,-4.0581093,-2.73121,-5.737995,6.5357585,7.632586,5.709654,3.3547926,-6.4975224,-6.404493,4.7533593,-7.1423054,5.6800256,7.8013997,-3.2207985,-1.6370456,-5.0425525,4.5095696,-1.511339,0.5327525,7.240448,1.7887912,-7.236192,-6.028362,8.760109,0.8386936,-4.961622,3.0669851
2.3588874,-4.601701,-4.178425,-2.5431373,-0.42193222,-2.3685892,5.2307415,-1.4942731,4.038715,6.251488,2.7841876,1.730262,7.4148507,5.9850636,2.6706583,6.9536533,2.1934698,-2.6363063,-3.9200046,-1.1520064,-0.8689975,-4.4745803,4.4031563,0.17988554,-5.705237,-3.9632692,-3.1833446,2.998662,-2.672964,-2.7400615,-0.7361347,-2.1192665,-0.78977937,-5.100918,-2.8198667,-1.8481241,5.981495,6.9605403,-1.8929529,-1.2761935,0.27402467,-3.100265,2.5723221,3.3040276,6.589944,0.46872592,-2.8465269,-3.7827876,-4.7207923,-4.8178906,-6.1824026,-6.631846,-4.6126103,0.87509894,-2.6412094,3.5177906,-4.929986,-4.652218,1.1226363,-3.0115693,-0.72037375,-4.6442027,-4.5143394,3.9980896,-4.992743,-3.329837,-3.8714707,-1.0414745,-2.6391127,-0.4169397,-3.023841,-2.0071561,-5.5804167,-3.6836073,7.945593,5.274435,-0.62736416,-0.23933163,5.835196,-4.067081,3.5153048,-2.3667583,7.0203376,1.4894056,7.8772407,5.199508,3.0821416,7.3476725,-1.8775269,0.6389605,-3.41813,-1.845106,-3.833947,-3.9681184,-3.537865,-3.6771116,-5.076498,-2.3913019,4.2601204,-3.1616638,1.4317285,-3.7142682,1.5663793,-0.1599571,-3.9314363,3.9187164,3.3661137,3.924496,-3.6868067,-2.8258655,0.7372567,-3.9874675,-5.4298778,-3.7080154,-3.7207706,0.30186927,1.3463258,6.878906,3.4798136,-1.9590107,-1.8184249,-3.4647045,6.979544,-4.40134,-0.49378747,6.7013235,-1.8649886,-1.1540099,2.3696225,3.2128792,-3.4902043,-4.148414,5.543163,-2.2376347,7.6438255,7.0656013,-3.2422707,-3.7972095,-0.5992353,-0.8555608,2.5108125,-0.77950966,-0.66234106,-1.4990468,5.7284474,7.243629,6.545885,5.305229,-3.2474434,-1.759403,3.063166,-4.970073,2.0476546,6.769731,-1.7368011,-3.6986017,-2.826402,3.8825297,-0.5473584,-1.8825507,3.3443115,-1.8292772,-5.007194,-2.600406,6.2301793,-0.25078106,-1.4848386,7.971166
2.5085673,-5.2813053,-4.743354,-3.0472302,4.2876215,-4.663845,5.612262,-4.872956,6.5481157,7.8646374,6.2854567,1.2298887,8.869143,6.1396613,-0.33757722,8.220554,7.763699,-5.810617,-2.6639462,-0.6098338,-4.3951917,-1.3205789,6.497045,9.618491,-5.8808484,-5.189808,-4.892258,6.506718,-5.5260215,-3.9169884,5.9436955,-0.7947465,-1.7626618,-6.0006986,-5.2115107,-3.9885616,5.8051443,8.77606,-6.769828,-7.653595,-2.6355577,-4.697861,7.361736,4.9058795,7.905796,1.6931878,-3.952969,-5.279654,-8.154312,-6.1709146,-5.300269,-7.6893554,-5.220711,7.6425076,-3.2961564,4.8787584,-4.4145956,-6.3317547,5.499512,-3.5820758,1.7412378,-2.821586,-6.480556,3.0336003,-6.023527,-2.6158416,-5.3931513,-0.47494763,-4.507447,5.38633,-4.488671,-5.951264,-5.103627,-3.7171366,7.4890304,6.938367,-3.4579844,-4.490373,7.932557,-4.0710354,10.169733,-2.3170028,8.127812,6.9853096,6.9359927,7.1514387,-0.854131,8.092913,-5.3990526,1.1474242,-5.7128954,-3.1546683,-5.785617,-2.7295866,-3.1757987,-6.3580875,-4.1087155,-5.7917705,7.294811,-5.2745748,0.14268519,-6.9692626,8.087199,1.4274893,-5.906441,4.780027,6.2603,6.2283707,-6.4449587,-1.5720583,0.500091,-5.6906924,-6.924412,-4.9272456,-6.5083632,2.7496822,-1.668194,8.792515,4.421176,-4.7469378,-1.6993426,-6.949345,8.7471895,-7.5600924,-3.7377641,8.514138,-2.0811846,-4.1230607,0.75931484,6.1157103,-4.819777,-5.888366,6.9535885,-5.411625,9.126692,6.861649,-5.3955317,-5.59486,-2.1711996,-0.6269146,6.055902,-2.3435345,0.7183715,-4.6256733,7.4390583,8.615807,5.7263255,5.6068482,-5.658593,-5.0677624,5.899605,-4.7468743,7.0359087,8.98954,-3.8782825,-4.28949,-5.93853,5.8530264,-3.8083625,-1.6279975,7.3888817,2.0807037,-6.112053,-5.823726,9.247982,0.72707903,-4.1667814,6.760618
-4.33876,-4.7860255,4.209988,-1.9948616,-1.8381006,-4.1026173,5.351569,-7.9726734,-2.8141403,7.493134,-6.2107997,-2.689856,5.3743024,6.039684,-2.5072258,7.546887,6.6595187,-4.895528,1.0149398,-2.3529277,1.2584181,0.31538728,5.068814,10.22764,-2.9286828,-6.5586925,-3.6736848,3.3990226,-4.0594234,3.5965872,2.5626743,2.9917433,-0.48179963,-5.144458,-6.1100397,8.431566,2.3110044,8.353344,0.15658562,2.0995224,-2.6192667,4.569713,5.383009,2.0323458,8.323819,-4.87882,-2.2499611,0.5731041,1.3487418,-2.8669508,-3.398813,-4.4324317,3.5604787,6.2187138,2.7530832,4.6986194,4.4668984,-4.453562,-0.4347215,4.309553,7.7276983,3.2945218,-4.2558346,0.5582524,-5.2293153,-4.1907306,-3.1229775,-3.5575938,0.46307796,-1.9133588,0.59212273,-1.8677152,-0.782455,5.602792,0.18440913,7.2431717,2.894509,-1.3342279,8.588281,0.41087934,14.155005,-0.04261806,2.4781818,8.261771,5.963675,-4.456947,-7.002321,-3.0512831,-6.234267,-4.8010154,-5.0845003,-4.413554,-5.273398,-5.5960765,-2.2823641,-3.7648156,-4.0546794,-5.460564,4.165068,-4.5532875,-1.658536,-1.7566259,6.5972695,2.919035,-4.0320024,1.3555896,-0.85777915,6.6710377,-2.8151588,-1.3988979,-1.6056473,-6.148498,-6.3013153,-1.3663387,1.3449973,-2.3462365,4.465498,8.763777,0.6572126,-0.45305455,-3.1287024,3.4728243,3.8055885,-0.7959174,-4.006109,10.015684,-1.7839339,6.4866676,-0.74042135,-2.6990623,-2.6643977,-5.0082664,8.100201,-4.970991,4.073636,3.835824,-7.330878,-3.709738,-2.47356,-3.303329,1.7836744,-2.8802922,-5.995215,-6.059039,5.788322,6.5598946,0.66299516,2.3775587,-5.2710814,-4.7732716,-1.0273489,-3.6674457,2.2562368,7.8991013,-3.8926387,0.596041,-3.204081,0.26636493,5.2499948,2.3193746,-3.3566382,-2.7809753,-3.6072588,-3.1929402,9.3618145,-2.08776,-3.8482714,-0.17167714
-3.2824788,-3.2913704,5.133834,1.1052579,-3.1365945,-2.9397388,4.407589,-5.4174223,-5.4335837,7.2160454,-7.64214,-3.905808,4.5133877,3.5303237,-1.3468155,6.9773726,8.330392,-4.2701316,2.9920592,-2.527752,-2.645361,3.7679296,4.376243,9.343484,-2.5041418,-3.9841824,-3.0282576,1.5236557,-4.199201,1.3878131,3.8992846,2.4396791,-2.4248939,-3.0597136,-5.6460176,4.368306,-3.250094,8.329289,0.60322,5.315079,0.28131205,1.4721853,7.259041,-0.4005114,7.132168,-5.289923,-4.786969,1.0709591,2.1536844,-1.6116389,-3.8973298,-3.1471183,4.1973734,6.9276,4.145398,6.7604003,4.6816754,-2.5471,0.113795966,1.9400365,8.481652,4.209699,-3.7164335,-1.8993456,-2.4016352,-4.36786,-1.6152881,-4.1011004,-1.3470681,-2.6232774,-2.0797467,0.32027674,2.4026005,2.6208022,-1.3337079,7.078676,-1.0813324,1.6895335,8.471524,0.63222307,12.572777,1.2675806,-0.62466073,9.071306,6.2253513,-6.916548,-3.150644,0.70239496,-7.1806803,-3.8554678,-3.9561102,-3.3641558,-3.440359,-7.6255193,-4.3774614,-2.482685,-4.0348434,-4.736944,4.6657176,-4.128523,-4.056641,-2.0289662,7.8490853,6.1868677,-3.018412,-2.3392649,-1.3332247,6.5862026,-3.2663176,-2.0925434,-0.49659643,-4.092263,-6.054163,-3.040073,2.565357,-4.715638,3.184124,8.206598,-0.96308756,2.9307532,-3.5022337,5.942716,3.0432851,-2.412469,-5.1050754,8.017112,-2.874102,2.7791781,-2.8517249,-5.1958046,-4.1121864,-4.6690903,6.8295097,-3.8010504,3.156644,2.5722854,-4.844863,-3.812233,-2.069143,-3.9888654,2.4145265,-1.6799703,-5.764913,-4.0036035,4.9144015,7.1166716,-2.8208945,2.1390984,-5.213532,-3.768368,-1.6193686,-1.6882062,2.055822,7.41198,-1.4594066,-1.8790152,-3.8266551,-0.70363265,5.8112617,3.3137407,-3.8576305,-2.7158751,-2.526238,-1.5030186,8.808766,-3.2494843,-3.1901636,1.2570546
-4.0709634,-4.4489207,6.2115817,-3.1340332,-3.8403256,-3.1160207,6.357526,-4.827565,-4.5698295,8.466992,-5.736615,-4.2016244,4.6946907,6.114457,-1.1067053,7.4207883,9.275951,-4.516137,-0.6056803,-3.7298827,-1.8277259,6.110124,5.227364,11.619261,-4.380128,-5.587559,-4.252281,-2.5657277,-4.931873,-0.583444,6.527049,3.947365,-3.8736377,-4.6807685,-4.905701,6.6283526,-4.033403,8.709523,-2.777231,6.655056,-2.1955235,-0.60607153,9.024399,-1.8292295,7.668975,-3.8750546,-4.2221556,3.034944,2.1244128,-4.233938,-3.8319898,-4.592641,7.4475408,7.2982836,6.9525113,8.988612,5.869619,-4.0522313,-2.9135041,-0.19371006,7.9918475,7.8360305,-4.0184183,-0.7407561,-4.590514,-4.07271,-4.0573597,-4.4450216,-2.6883497,-2.281839,-3.5748513,0.12909314,6.044905,3.8157725,-2.4725983,8.117661,-3.6375542,1.2486509,9.076142,-3.0285664,10.88936,5.2692957,-1.4426696,9.942057,6.47386,-6.1226735,-1.7766615,2.860435,-5.092395,-2.5325184,-4.3877735,-3.9890783,-4.228839,-5.457785,-4.07425,-3.4976392,-3.2370028,-4.9923363,5.151787,-3.357794,-3.5080826,-2.0468762,7.2224574,6.690113,-3.80373,-2.8740654,-2.9382367,10.582546,-4.3626103,-3.1957994,-0.2773174,-4.3501287,-4.982658,-3.8419077,1.8277478,-4.5508475,0.88274866,9.131298,-0.1938763,3.5917299,-3.8180861,7.7571993,3.1512983,-3.7225707,-5.0066204,9.512208,-3.3092067,-1.9477421,0.51667523,-5.108421,-4.560507,-4.9685903,5.1686,-4.7964973,5.0577464,1.3653295,-4.703284,-3.753339,-1.6060044,-4.1788297,1.2616465,-3.7440844,-5.794977,-4.287604,4.8103533,8.505642,-2.8966258,4.3229876,-4.9983253,-3.204247,-3.4783974,-3.8635187,1.988596,8.075079,-3.7438142,-3.4178624,-0.58105654,0.8605216,5.205671,3.8771636,-3.6259346,-4.334994,-3.7070332,-4.2421136,9.640422,-3.664813,-4.1456137,3.1417062
-3.8795195,-3.5761096,4.9213147,-3.0372603,-3.244689,-2.933258,6.8852787,-4.900183,-3.4819665,8.6433735,-5.2523518,-4.200657,5.0478525,6.2074757,-1.5454521,7.788472,9.57887,-4.4704776,-0.55927604,-3.2812572,-2.0630107,6.1984434,5.265862,10.852645,-4.6044903,-5.158178,-4.2658625,-2.7505865,-4.4186854,-1.374181,7.07822,3.9323928,-4.5989957,-4.586199,-5.5752077,5.858769,-3.6302989,9.074943,-4.079912,6.733497,-2.3809354,-1.930826,9.814668,-3.0927715,8.140383,-5.025535,-4.9030566,3.0058937,1.4473435,-4.859064,-5.005422,-4.6391287,7.4002333,7.90514,6.565269,8.004421,4.543863,-4.3860545,-3.3254724,-0.9451469,8.213674,6.5678186,-4.597945,-0.57592726,-4.3335905,-4.136137,-4.850422,-3.9783704,-3.3769171,-2.4830656,-4.1485877,0.88699806,6.1271048,2.5921545,-1.7913975,8.26907,-4.153843,1.0512271,9.243599,-3.9465423,11.28098,4.849832,-0.8506564,9.601896,7.2164555,-5.4896984,-0.57200485,3.9239388,-4.6520615,-2.2161026,-4.319225,-4.376961,-4.2777843,-5.698061,-4.694701,-3.4239142,-5.241459,-4.521416,5.706312,-3.2113783,-3.797907,-2.0958872,8.012275,6.9390626,-3.5382686,-2.4726183,-3.0975513,10.155031,-4.42705,-3.6519916,-0.5454621,-5.43691,-6.072631,-3.6296568,0.42650172,-5.054245,0.07687892,9.474273,1.981427,3.9676523,-4.102243,7.8210025,3.767073,-3.7765923,-4.2440014,9.692532,-3.0611756,-2.4670322,1.4591234,-4.9173546,-4.8470955,-4.991091,5.4839215,-4.7340326,5.898441,2.5150034,-5.345543,-4.037703,-1.9216895,-3.7834396,1.4315317,-4.3855677,-4.9479194,-4.2847333,5.3403583,8.86891,-2.307452,4.0816913,-5.026223,-2.7867525,-3.7242742,-4.657912,2.1288228,8.557077,-3.8816648,-3.5407774,0.015025675,1.8773465,5.861192,3.2333531,-3.1888888,-4.399754,-4.5227137,-5.0454173,9.79609,-2.5041313,-3.8798401,4.715234
-2.6067266,-5.2253613,5.3881617,4.235881,3.164197,-4.0947647,6.7164297,-3.0660038,-7.3676405,7.4121737,-6.117366,-6.5277066,7.093723,2.5681868,-3.3961816,7.9461946,7.0977726,-5.6953,5.4750504,-6.3360205,0.73212564,2.8772457,2.7813258,7.562005,-5.1932607,-3.9395616,-3.0592654,-4.1987786,-5.832609,-0.007823862,5.641715,-3.636342,-2.6720245,-6.627441,-6.7079363,5.2044263,5.4885063,9.253165,-3.7376578,6.2917924,-3.351297,0.017266028,7.8435316,5.437261,8.486535,-4.0813603,-5.999689,-4.5622525,3.0523987,-6.9263606,1.084619,-5.741497,-1.8568388,5.9904394,5.392613,8.165399,4.7826214,-6.356634,0.9606414,-1.4570675,7.241294,5.4181943,-5.1527305,2.5942087,-6.301848,-0.7129792,-6.869011,-5.0865884,-0.6194898,3.3699145,-2.66085,0.8051461,5.4581213,-3.765074,2.5593228,6.5782757,-4.231092,-2.3879077,8.374107,-4.9657707,10.9466,-2.9217014,8.047217,8.565713,6.3529634,-2.6771924,0.2694744,4.805502,-5.585407,-3.6814756,-5.591994,-8.370762,-6.4376974,-8.14074,-5.145931,-2.4278336,-5.8026857,-6.9128795,7.2991,-5.638054,-6.588101,0.22556987,8.00387,4.891136,-5.597995,5.1010714,1.6509074,9.008795,-1.9524677,-1.9682796,-4.952893,-3.6050825,-3.056031,-2.517674,3.216719,-6.020243,3.0222514,8.668348,5.8257494,-1.6484802,-6.1388803,7.633333,5.6771646,0.89323986,-0.17618853,9.29364,-4.543346,0.32521507,-4.370227,-2.8746266,-1.0866312,-5.4102473,2.931769,-5.307255,5.138319,5.580464,-3.2694497,-5.2549005,-5.217274,-5.102979,0.089897096,-1.8821455,-3.4531288,-4.439291,7.1991863,8.130232,7.271276,1.6319032,-6.732472,-6.1490836,-1.482308,0.12084205,2.5910602,8.17411,-4.310265,-3.0032358,-6.5439916,0.31366768,6.7920847,-4.0272565,4.4669476,-1.170944,-7.6662197,-7.3961167,9.832018,-1.4296151,-3.9777958,7.290357
-2.112531,-5.0651855,3.644877,4.384113,3.516802,-4.350717,6.2296915,-2.4815679,-6.8551664,7.5098767,-4.8300295,-6.227503,7.2037888,1.4213519,-3.7383237,7.7547784,7.1751156,-5.7626343,5.917139,-6.244875,-0.17777435,2.7149293,3.374418,7.4833617,-5.408048,-3.3257132,-2.3739808,-3.7754693,-6.0221744,-1.0187563,6.308094,-4.179746,-2.927765,-6.347056,-6.8568926,3.469296,5.4711905,9.337646,-4.5329313,5.8852944,-3.862285,-1.0929612,8.232535,5.0930414,8.126321,-2.7459548,-6.443332,-5.308653,1.2536576,-7.0065565,1.7104821,-5.0628543,-2.7554946,6.2305937,4.641662,7.9868937,3.9694796,-6.510861,1.680781,-2.0876813,6.753599,4.77451,-5.3527894,2.7876625,-6.1117992,0.15043837,-6.775618,-4.853833,-1.6035447,4.4109545,-3.5122194,-0.07586902,5.7927628,-4.750503,3.6269732,6.580043,-4.5031176,-3.40894,8.336665,-5.7065105,10.381267,-3.149003,8.065408,8.37765,6.0084076,-1.4487361,1.3464109,4.9463153,-5.015485,-2.9823284,-5.7745185,-8.179808,-6.3748465,-7.5257854,-5.3029594,-3.078065,-5.293929,-6.913602,7.1580606,-5.9911513,-6.563071,-0.54623294,8.429665,4.8293858,-5.88186,5.2703147,3.6101122,8.023844,-2.5326664,-1.9391398,-5.667396,-3.0552955,-2.2153618,-2.837709,1.5986595,-5.9579425,1.6062689,8.304293,6.3730435,-2.882824,-6.171405,5.8907857,5.9169745,-0.18707582,0.6433883,8.844095,-4.4331903,-0.73559463,-3.2637353,-1.5417163,-1.758521,-5.283889,1.645607,-5.523567,5.740216,5.517869,-3.3076847,-5.6614876,-5.4217167,-5.366362,1.974494,0.18405087,-2.3761084,-4.505945,7.059721,8.6397705,7.0912447,1.8243918,-6.860318,-5.5802712,0.64080966,0.6981538,4.6730695,8.443976,-3.7418463,-3.3433018,-7.01631,1.0404154,5.676026,-4.47078,5.5069294,-0.28903246,-7.883013,-7.6189837,9.574242,-0.5475879,-3.9271498,7.598796
-2.7893384,-5.125113,4.243735,4.182212,2.8554668,-4.4666724,6.7196665,-2.277959,-7.4062653,7.4795585,-5.1912885,-7.089709,7.4057302,1.3916993,-3.7516437,7.9474444,7.629067,-5.903251,5.774069,-6.7137117,-0.28852746,3.0262797,3.3921106,7.939294,-5.1913295,-3.0008082,-3.1388578,-3.9955215,-6.254269,-1.0909157,6.6540556,-3.7451777,-2.7878885,-6.214297,-7.0809593,3.884505,5.0781865,9.437492,-4.8871446,6.5792246,-3.9937322,-1.0486171,8.312253,5.694013,8.3408375,-2.8208096,-6.6651707,-5.1227884,1.5899235,-6.7542777,1.931304,-5.094071,-2.5572343,6.309922,5.4872775,8.429418,4.4402947,-6.390803,1.9182581,-2.3869138,7.0068207,6.2059326,-5.422378,3.16423,-6.084572,0.11039114,-6.6005263,-5.1928897,-1.8172255,4.4569736,-3.6269405,0.042703472,6.461888,-4.8006673,2.9526775,6.6410284,-5.6538367,-3.2211545,8.304759,-5.769746,10.04363,-3.240051,8.698243,8.943166,5.526832,-2.066444,1.144607,4.9420266,-4.735118,-2.991507,-5.877052,-7.9166265,-6.677726,-7.3701434,-5.5533204,-3.1128993,-4.6165085,-6.8401723,7.2239056,-6.050618,-6.1173644,-0.32793635,8.490289,5.0064363,-5.840835,5.245644,3.7669115,8.382686,-2.470497,-2.1613545,-5.83273,-2.9800458,-1.5812404,-3.1109483,2.1776962,-6.481422,1.1475996,8.676275,6.7190657,-3.098665,-6.8703675,6.5082316,5.790557,-0.0161224,1.1853476,8.939565,-5.030456,-0.77796054,-2.977953,-1.6294711,-1.7995175,-5.3779383,0.72009534,-5.570153,5.8316054,5.607871,-3.0822263,-5.6912146,-5.0043955,-5.958794,1.326518,0.121406466,-2.269646,-4.5150685,7.3748436,8.601259,6.8613696,2.1015675,-6.8293514,-5.8422403,0.42654958,0.7767338,4.4605727,8.39698,-4.082159,-3.5995603,-7.370649,0.31239063,5.9797316,-4.400986,5.3944426,-0.5500749,-7.713754,-7.610427,9.878471,-0.6513022,-4.356857,7.8437204
-0.5922382,-4.3586946,-1.9829255,-3.7896967,-3.6717918,-1.3570557,6.23814,-6.4201937,2.927863,7.761441,2.1036074,2.5125017,7.535626,9.094609,0.27198094,8.400217,-2.3165245,-3.2456303,-2.9297261,-1.9305137,2.010393,-3.361995,5.007865,-2.0304174,-3.7236106,-4.040419,1.1304349,-1.2591826,0.9144186,-1.2088176,-2.8442898,2.2337372,-2.8791854,-4.367972,2.7237785,3.1599698,3.5358567,8.662768,0.5856685,-4.2388983,-1.610818,-1.2147547,-1.1660333,1.4694406,8.19353,1.4233497,-0.31519786,-2.4354937,-1.7384486,-3.5337057,-5.879445,-4.636997,-2.573916,-2.5047479,-1.3363405,1.5058572,-3.065586,-1.9977964,1.7630812,-2.0495114,-1.8239679,-2.582274,-2.8690932,2.433191,-4.325535,-4.2682967,-3.7088563,-0.27780926,-1.675451,-4.0410132,0.28500402,-1.3469745,-4.200936,-0.976534,6.160238,7.051074,6.774932,3.89041,8.046016,0.52601975,2.93489,-1.5551207,-1.8778517,-2.422862,5.7324357,2.1382377,-2.9103646,4.4920635,-4.659389,-1.0427823,-3.5339599,-3.2386878,-3.563178,-3.5848322,-3.9035923,-2.7252424,-4.8791904,-4.446227,2.3701046,-3.2030141,0.40871543,-2.551527,-2.1300044,-3.0737152,-3.464121,0.17000052,-0.7355472,4.3030143,-0.9063642,0.83308285,-2.220626,-5.013347,-5.1607623,-1.5669713,-2.4351947,-0.36825126,6.219696,8.449908,3.8315573,-1.1130043,-0.047270417,-3.580251,7.542725,-2.1965506,-2.9435313,6.766391,0.14839208,4.7283154,3.164086,4.0612736,-3.006502,-3.9217927,10.763927,-2.8018203,7.3109174,7.344781,-4.1265197,-3.5287461,-0.9225167,-3.0614722,2.1882596,-2.108986,-3.6467578,-3.6390634,5.276159,8.179421,0.27616337,2.7984753,-3.2775106,-1.7123402,1.9576044,-4.707069,4.7001524,8.698547,-1.6842151,-1.707031,-3.7022882,3.8589973,-1.852241,4.467367,-2.0643084,-3.8111415,-4.2918754,-0.9935511,5.739713,-0.074560486,3.2222664,5.828648
-3.000275,-2.9054585,-3.433694,-3.5708973,-2.58369,0.44321722,9.261153,-4.141542,5.490426,10.701199,2.3735917,4.6055055,7.6690474,6.2785707,-1.1010462,10.2718315,-3.0285466,-3.629503,-2.646233,-3.4709625,-2.4347475,-2.5421832,7.5470896,-3.1110187,-3.6656694,-4.6219926,2.6084554,-3.9439554,-1.4922972,-3.544742,-2.6747253,2.7678795,-2.7234695,-3.382509,4.3722606,-0.40449828,4.3064666,11.398582,2.5652435,-2.9083183,-4.13235,-3.8305438,-2.4651115,-2.8646498,10.006236,3.6510103,-3.1093729,-3.4246483,-3.4866936,-3.3434155,-4.6175117,-4.0461874,-3.064783,-2.6971726,-4.404736,-1.9368155,-4.21664,-1.566116,-1.5357678,-3.2828906,-2.7122452,-3.982553,-4.5323024,4.693243,-3.5761526,-4.1911125,-3.7883923,-2.5715961,-4.006629,-3.9458878,-2.7333617,-2.748771,-2.9817479,-1.3845267,7.617318,9.110767,4.8847275,-1.0754154,10.848352,-2.9214532,5.479345,-4.213834,-3.0319364,-3.39786,7.281423,2.498541,1.6170264,6.9780617,-1.6628166,1.2836341,-3.9032412,-4.6287484,-3.519868,-4.0577593,-3.36774,-3.6693509,-4.1585226,-4.572213,2.5053258,-3.838934,-3.8050687,-3.3141577,-2.0544243,-3.6782424,-3.5121999,-2.927915,-2.616559,6.0737906,-2.7022402,-2.447146,-1.7271733,-3.729731,-0.63988936,-3.4387512,-3.3189433,-2.5083287,5.762915,10.288366,8.613897,-0.6728378,3.27068,-2.949886,9.287946,-3.2142363,-3.5866516,8.597784,3.2295034,-0.76210576,2.1770942,8.070472,-2.7866447,-4.137446,8.786578,-4.1668787,11.098012,9.02476,-3.4356358,-3.7823083,-3.161753,-2.6945739,8.014237,3.0394487,-3.483124,-3.1709116,7.6676617,11.010413,-1.5865273,4.395012,-4.304714,-3.922425,1.6945493,-4.5146146,7.8,11.660622,-5.483532,-4.094012,-3.2537012,7.8928213,-4.0952907,5.055636,-4.7256255,-3.5073051,-4.6022506,-2.876239,8.225639,-1.7942145,5.406523,10.910453
-4.202965,-7.447428,8.935165,-4.63459,-5.6628747,-5.4189606,7.0313406,-6.1176586,-2.140657,7.441323,-5.7311645,-2.6658466,7.0795574,6.5271316,3.9325345,8.068464,5.52752,-5.597699,-3.3050857,-4.4125566,4.2489867,-1.7995842,5.390419,3.783165,-6.291454,-6.678906,-4.3636937,-3.4836116,-5.859861,-0.034019873,2.724231,-0.2760798,-4.4819245,-6.6085286,-5.816861,9.292721,4.693657,9.008475,0.7754185,6.134841,-2.3885517,5.117823,5.937844,5.161373,8.759553,-5.7818418,-5.7937446,1.069005,5.9853764,-6.1635017,-3.9182265,-6.1280417,6.3510537,6.636812,7.0597954,8.255546,6.431496,-6.6494765,2.4435375,-0.4049091,6.613801,4.6982584,-4.9247775,5.4300013,-6.1128683,-5.648766,-5.846723,-6.208554,0.47562635,-1.3990736,0.31878072,-1.6969662,-0.17522328,3.049946,2.4865665,7.5620546,-2.895127,-1.7718687,8.312229,-3.8611813,11.225037,-5.2534013,6.1164575,8.355648,8.425791,-2.7905192,-5.010653,0.909232,-4.947386,-5.3735476,-5.897976,-5.61172,-4.9962125,-6.542278,-4.2483773,-4.2626524,-2.055967,-6.155506,7.047679,-4.9302297,-0.28234166,1.5171976,7.1643276,3.56787,-4.921635,1.6085194,-5.4284244,10.911059,-2.9321945,-3.6550188,-2.4279768,-4.2351804,-4.956556,-4.367524,8.564058,-5.7040205,8.448964,10.069554,6.3293724,0.45556325,-5.5296807,8.848672,4.9860415,5.8889484,-6.9102006,10.1999445,-4.979118,5.2637277,-0.5046492,0.32225078,-5.416002,-6.4160223,6.703161,-3.3929203,4.6824,6.73752,-5.9428906,-0.8693203,0.6788721,-6.234705,-3.8689542,-5.736883,-7.674542,-5.9839993,6.2195415,7.677189,6.853826,2.0800524,-5.708215,-4.434585,-4.6801844,-5.000166,-3.194261,8.281251,-5.5050106,-0.88408613,-4.6880574,3.1745021,9.039616,-0.13725162,-6.034137,-6.380965,-1.4409946,-5.1530223,8.528399,-5.685825,-5.2047195,6.6856375
-5.2597632,-7.032152,7.7984405,-5.246597,-6.369458,-5.309385,7.1118727,-6.3170037,-1.8796045,8.763015,-4.3102336,-2.822248,8.51433,6.176113,3.183008,9.340117,4.94538,-5.4954967,-4.3867755,-5.9970465,4.0248933,-2.5203965,6.802014,3.074942,-6.3966894,-6.588402,-5.130774,-5.582717,-6.2385097,-1.5020813,2.8947296,-0.7834785,-5.1109467,-7.079043,-6.794129,8.379414,5.4058814,10.360964,0.6238026,6.2988205,-3.9148047,5.059929,6.79142,6.9865627,9.957575,-5.624136,-6.182817,0.5129088,4.862851,-6.795047,-3.3237228,-5.986939,6.5341578,6.085617,7.057412,8.8143425,6.025017,-6.8754992,2.4652874,-0.4520664,5.698076,4.8694196,-5.619789,5.724988,-6.837979,-6.2912717,-6.7228127,-6.444055,-0.3070999,-1.462657,-0.81034845,-1.9926618,0.07015152,3.0703993,3.7597065,9.048329,-4.6413026,-3.4077299,9.7378435,-5.229651,10.717545,-5.344643,7.9478936,7.0355225,8.627237,-1.4461473,-4.7159767,0.9906746,-4.3857565,-5.3851204,-6.6268306,-6.0916643,-6.2895303,-5.8408523,-5.8261466,-5.725414,-1.2480325,-7.3377857,7.6790032,-5.5054965,0.30800092,0.9366653,6.8587103,2.708334,-5.620022,2.8604097,-4.2765055,10.942949,-4.173232,-4.310839,-2.697197,-3.1943133,-4.315483,-4.886535,7.328595,-7.044439,7.4686666,10.878522,7.135851,-0.82472205,-6.3756995,8.98489,6.094925,5.315819,-5.974426,10.3505535,-5.64902,4.7506423,0.17890751,0.4236234,-6.0517273,-7.085249,6.393339,-4.3900576,6.475203,7.904006,-5.935323,-1.0235189,1.1593201,-6.289007,-2.418055,-3.0918286,-7.2074,-5.9433293,7.460303,8.962229,9.179009,2.3482697,-6.666104,-3.6777494,-3.518264,-4.8865714,-2.3864841,9.532171,-5.3496394,-1.6696742,-4.444133,2.9403658,8.936042,-0.7535845,-6.0190525,-6.952943,-1.2136762,-5.960151,10.184979,-5.490637,-5.9109735,8.680925
-3.039703,3.4446867,-5.6595716,-1.9094436,-4.2846603,-3.6606898,4.6285505,-1.1464022,1.8486861,5.5400534,3.2936287,-3.4201057,8.945464,5.458302,-4.7677007,7.9061565,-4.4433484,-2.58159,-4.429192,2.7445276,4.05384,-4.175566,6.6254582,-3.9598665,-5.7884207,7.2158985,-2.9415927,7.369104,1.8003064,-5.179429,-4.235962,-5.2539024,-3.7636552,-5.0741277,-4.030364,1.766506,5.4503884,8.758815,-5.251246,3.8493268,-3.1081328,-4.6688514,-3.0612078,6.517309,5.649769,-2.9057398,-4.8151817,-4.725281,-6.043415,-5.956146,-5.2372537,-4.823466,-5.58464,-4.6426926,2.2334192,-0.024141997,-4.899901,-5.0676036,6.284312,-4.825791,-4.9551363,-4.1188784,-2.4327042,5.374394,-4.8063293,-4.5859666,-5.0333023,5.5902715,-5.0624275,-3.9961243,-3.563495,-4.3781805,-4.551688,-4.73888,9.166552,7.158311,3.4103084,-0.9084425,7.7754426,-3.6380606,-3.1881762,1.8612391,9.525208,-4.872697,-1.5660182,5.0736423,2.9854276,5.720101,-3.4243493,3.4277377,-4.4990263,-4.9063244,-3.0835073,2.0465581,-0.16689992,-4.247513,-2.6064658,-0.5285319,-3.7706206,-4.568381,-0.68347055,-4.644292,-4.32282,-4.232025,-4.5972667,4.7381225,7.5609736,5.22142,-4.2635317,-1.5938143,-4.11544,-1.6504543,-1.2308687,-1.8829803,-4.638153,-4.7671266,-4.168675,7.2291307,4.066912,-4.2185116,-4.014148,-1.1107029,8.02731,-5.543864,5.8762584,5.4150944,-1.2453787,4.1033897,3.698377,4.030743,0.47962046,-3.1704473,1.8367555,-4.27798,8.258674,6.755082,-2.508176,-5.2110667,1.3079115,2.1199632,2.506266,6.1392717,6.3935456,-3.9663467,5.209282,8.600476,8.783142,4.349585,-4.92467,7.400264,6.137842,-4.8622026,6.8149056,8.295661,2.074389,-4.0525417,1.2051982,-2.3585725,4.033277,-5.3331366,1.8426443,-4.693684,-4.9974647,-4.587875,7.7979565,7.857348,-3.9464772,7.345886
-3.2765465,1.8738034,-5.570522,-0.7448713,-5.567246,-3.8047178,4.635974,-2.4465797,1.0876161,6.1534195,1.9779124,-2.7832522,9.280181,7.013524,-5.05597,8.427245,-3.7576752,-2.139427,-3.9129753,1.1462905,4.2007875,-3.7712443,6.846407,-2.5018523,-5.9145436,5.542093,-2.6286104,5.776119,1.1570027,-4.6781383,-4.3542643,-4.5989165,-3.830099,-5.076478,-3.453375,2.2939963,5.150278,9.251637,-5.4597254,3.753831,-2.2985704,-4.5721645,-2.240355,6.9397616,6.382035,-3.1912396,-4.3742647,-4.4693713,-5.1905417,-5.692545,-6.5436563,-4.755282,-5.667877,-3.9187057,2.8944416,1.3340151,-4.918778,-4.2483516,5.7626076,-4.6695247,-3.9156725,-3.641672,-1.6176113,4.421052,-4.964596,-5.318536,-4.7256503,4.166895,-3.9968042,-5.4325047,-3.9078147,-3.5037909,-4.275706,-4.5334897,8.00434,7.905861,3.7912967,0.47372338,8.052588,-3.1770437,-2.1073718,2.5139368,8.610743,-4.4972844,-0.5449834,4.3910384,1.796933,6.781145,-4.0517693,3.0406513,-4.384015,-5.1961913,-3.400185,0.72138417,-0.051452957,-4.0838656,-3.7125301,-0.9788126,-3.048811,-4.270995,0.042462364,-4.1769056,-3.520022,-3.4664357,-4.409412,4.9585342,6.6424456,5.613787,-4.1816015,-0.7429209,-4.3091035,-1.3976895,-2.1271806,-1.2893232,-5.009617,-4.9683056,-3.8938575,7.69165,3.59943,-3.9099147,-4.134892,-1.3630122,8.251742,-5.6452746,4.953029,6.0010533,-1.3060284,4.4242253,3.8467638,1.9640491,0.4660833,-3.197967,3.2969923,-4.3983126,8.514881,6.954497,-2.9449632,-5.2278748,1.1138097,0.85368824,2.621365,5.319721,5.1959457,-4.118525,5.7121515,9.180394,8.018816,5.0761456,-4.55873,6.780167,5.806532,-4.5142226,6.010141,8.850748,1.7585695,-4.3527465,1.2595893,-3.365107,3.922981,-4.303606,0.9556427,-5.6669154,-5.5139546,-4.347197,8.5981655,5.7628503,-3.4606702,7.0113554
-3.9222481,2.7717304,-5.5062175,-1.4352081,-4.907997,-3.6006691,5.011034,-1.728967,1.6146232,5.8584743,2.574319,-3.839246,9.197449,6.4761844,-4.978546,8.217827,-3.8666847,-2.7108026,-4.170063,1.7162061,4.315177,-3.767828,6.601418,-2.3972704,-5.852671,6.04797,-2.9601977,5.996698,1.7466635,-4.8574276,-4.0380716,-5.072738,-3.8926902,-5.283425,-3.9759254,2.566967,5.510038,9.0941925,-6.6782527,4.200414,-2.9789934,-4.5388455,-2.124997,6.7822895,6.2424073,-3.5900283,-4.397176,-4.4820185,-5.4379797,-6.145831,-5.8755937,-5.049479,-5.4625883,-3.890186,3.1107645,0.9995711,-4.6165743,-5.2691126,5.7622867,-5.1508427,-3.9798052,-2.9689746,-1.7651916,4.5061965,-5.029916,-5.0599685,-5.2678275,4.899296,-4.8809285,-4.714426,-3.5312474,-3.8055563,-4.2931995,-4.676043,8.410734,7.56188,3.267887,-0.4746578,7.9339275,-3.4626067,-2.5931008,2.176609,9.571743,-4.1644807,-1.024169,4.495611,2.0820413,6.2236876,-3.161884,2.9742491,-4.424079,-5.527733,-3.5317516,1.5071083,-0.10129445,-4.375561,-3.0920615,-0.8121023,-2.8283756,-4.1348786,0.3168797,-4.292986,-3.5932918,-3.6471457,-4.4957223,5.433225,7.1726575,5.260934,-4.080263,-0.81541044,-4.4121118,-2.064807,-2.0780494,-1.4158208,-5.1141477,-4.9666004,-4.5950027,7.6122985,4.4942884,-4.1345925,-4.686835,-0.8111279,8.045434,-5.468914,5.167469,6.04216,-1.4587796,4.419696,4.353498,2.7059245,0.01538752,-3.119624,2.7647767,-4.475255,8.497385,6.828454,-3.1685941,-5.2651787,1.7477866,1.1006614,1.6595094,5.0735197,5.909563,-4.090537,5.563927,8.778429,9.036404,4.548128,-4.697843,7.305787,5.6728296,-4.949546,6.2204766,8.639054,1.7496091,-4.0329137,1.4844615,-2.815868,4.7418256,-5.1800065,1.5098147,-5.2661047,-5.631465,-4.8981094,8.417877,6.8907995,-4.035231,7.2337723
-4.0146785,1.0065845,-4.232945,0.07923912,-3.0735176,0.14377242,5.7825804,-0.50482637,-0.6542137,10.284064,-3.2026415,-2.7523985,5.7864094,-3.1415195,1.7850811,8.472247,-2.290473,-3.3364308,-3.3990936,-3.038997,-3.1051667,-2.8705761,6.3447886,-3.9389124,-2.5382495,-2.710206,-2.8201292,-3.826327,-2.927853,-2.7726123,-3.091734,-4.0465393,-3.74711,-2.3904414,-3.1591027,-4.329203,2.4672112,10.998319,-2.2401102,8.500845,-3.9267297,-1.9420317,1.6391419,0.5064572,7.913521,2.41531,-4.2182426,-3.845044,-3.41653,-2.6230903,-4.380855,3.6401117,-3.978434,-2.8287485,-1.0012453,7.3488946,-4.0912905,-4.09178,0.14358838,-3.383261,-2.6457417,-3.3973424,-3.7433236,-2.9570177,-1.1187974,-4.8395762,-2.9002814,0.96073365,-3.7493966,-3.807662,-2.7614553,-2.2343974,-4.097294,-3.5181398,3.942615,9.657681,-3.2312467,-2.5918453,10.957109,-3.5746162,-1.5434096,-1.5541936,7.2892623,-3.619041,7.791701,-3.3551,2.8708277,5.4369893,1.295004,-1.880562,-2.5640035,-2.6550474,-3.099018,-2.717697,-0.114381246,-3.5117738,0.6845078,-0.5860598,9.933612,-3.0244868,-0.40000612,-2.5293114,-2.572582,-3.5759878,-3.289863,2.533367,6.7556777,-2.8791227,-3.043943,-3.106353,-0.64849603,-2.6666467,-0.22394407,-3.7936287,-1.8549317,-3.9284575,-3.1605167,7.2922597,5.0934014,-1.8798084,-3.4024346,1.4654001,6.5523314,-3.1239767,-4.0266023,7.540578,0.5270477,-2.6899216,2.35556,-2.231384,-2.8216264,-2.7671595,2.8033032,-3.85475,7.7870946,6.8403788,-1.8007113,-2.5500455,-3.2499807,-3.2564075,7.9256334,8.588556,-1.4640259,-2.8402908,7.290071,11.999355,7.924972,0.74092585,-4.2844934,2.9649372,6.0922875,-1.3706726,7.916516,10.242154,-0.021393582,-3.0530567,-3.6580966,6.20985,4.2919593,-3.8259082,-2.3516772,-2.65485,-4.4691453,-2.7592518,8.098478,-0.523831,-1.673199,9.074504
-4.3821607,0.5060395,-4.802517,0.88518983,-3.299608,0.51739687,5.941552,-0.4902051,-0.15690109,10.613063,-3.7325716,-3.2650704,5.4459953,-4.394784,1.3662251,8.477145,-1.9756284,-3.736657,-2.6402583,-3.3032255,-3.8090062,-3.2440705,6.663944,-2.9556935,-2.4453528,-3.3590786,-2.5914514,-4.241159,-3.124365,-2.5026517,-3.2898312,-3.7945008,-3.508274,-2.6464405,-3.0133126,-5.6301913,2.048202,11.13095,-1.0989184,9.038107,-3.6851304,-1.7076658,1.4559069,0.21266612,7.9368167,3.3839068,-4.249077,-3.8809407,-4.066436,-2.4643252,-3.9027207,4.5508523,-3.814065,-2.2257402,-2.043934,7.479782,-4.061369,-3.8223789,-0.7076962,-3.4326556,-1.9601309,-3.2720675,-3.5460107,-3.0404642,-1.1756774,-4.654962,-2.670934,0.5123521,-3.8234634,-3.8110127,-3.2271447,-3.0085006,-3.9774108,-3.2236292,3.6930313,9.988346,-3.3548055,-3.12095,11.08347,-3.6183627,-1.0410058,-1.810202,7.041364,-3.3713574,7.794444,-3.6538408,3.409516,5.2884774,2.3615565,-2.3414125,-2.6565926,-2.3754077,-3.1040015,-3.1044526,-0.10170459,-3.7908266,1.8508106,-0.28926718,10.109992,-3.02313,0.16193932,-2.672278,-2.1591196,-3.0115752,-3.1550395,1.822911,7.4318295,-4.113943,-3.0772977,-3.900844,-0.112804085,-2.5749204,0.50557846,-3.8113394,-2.636745,-4.0983014,-4.05111,7.129144,5.5578394,-2.4203267,-3.3183837,0.75510365,6.3282123,-3.0363579,-3.97874,7.3136997,0.9847973,-2.68128,2.0509496,-1.8433759,-3.2325869,-2.938852,2.2846785,-4.025131,8.240688,6.8535624,-1.6571035,-2.4876611,-3.5948646,-3.6597404,9.198187,9.708906,-2.1307955,-2.5868297,7.056451,12.414511,7.1493187,0.52038187,-4.215177,2.6560376,6.713334,-0.89107645,7.9775815,10.43114,-0.31475252,-2.6711996,-3.7665768,6.370907,3.8648856,-3.7219496,-2.7839968,-2.479672,-4.2668405,-2.5401468,7.907391,-1.0730175,-1.5143677,8.920736
-3.555286,-4.6467376,7.6028914,-3.362663,-4.4469795,-3.7140703,7.2405767,-5.159499,-3.4816577,8.275178,-4.451377,-2.9932504,7.3415136,9.239631,1.3227246,8.507411,-1.1267003,-3.8154247,-3.3072505,-5.1450243,1.5696628,-4.157664,2.8869321,2.9010618,-3.918853,-5.514371,-4.1670547,-0.89321864,-3.9042737,0.18570606,-3.737547,1.2005336,-3.2503982,-4.308239,-4.84175,7.8426437,2.3451512,9.089931,-4.7443266,-0.73426384,-1.7599573,0.43341953,-1.0524381,7.8343782,9.258435,-4.317717,-4.6923466,-3.4990149,5.844123,-4.92336,-2.3647435,-4.751881,-3.3672104,-2.4797788,6.8818197,8.21634,3.5389814,-4.379157,4.4205575,-1.8596866,3.0628724,5.5197783,-4.0047193,5.3831306,-4.1424174,-5.532934,-4.036482,-4.6492286,-1.3334091,-2.69238,-2.198201,1.2929715,-4.718585,-0.41833487,-1.2365718,8.088668,-3.7931063,4.2393646,8.89693,6.002292,2.56661,-3.5494888,6.935127,6.9939146,6.4590487,-2.1386385,-4.6456203,4.4509053,-5.3900065,-3.173054,-4.3168116,-3.6090832,-5.0359063,-5.430203,-4.079331,0.44684947,-3.9364579,-4.584817,10.019344,-3.1547585,1.8015668,0.28558856,-1.5738474,-3.2328517,-3.5587044,0.8107075,-2.0953746,9.259789,-0.8020973,0.56731087,2.3458753,-5.369142,-4.09625,-3.5390618,6.3875656,-4.68922,7.5818377,10.271737,0.21575671,3.913796,-4.8705034,8.3584795,4.807749,1.3655624,-5.1132264,9.41728,-3.5181396,0.49341032,2.0483432,-3.7727685,-4.1778436,-4.392626,5.2624674,-2.3917112,3.432566,6.4813557,-5.9895773,-1.8425277,1.5823265,-4.714475,-2.6877866,-4.666806,-4.110778,-3.633491,7.486486,8.059641,5.040446,4.056463,-3.755342,-3.1708286,-2.9774737,-2.7066927,-0.7690843,8.274999,-4.21545,-3.1252599,-3.6355946,1.041445,7.369151,1.2340435,-4.36782,-5.3111243,-1.1906168,-3.9835432,8.480139,-4.8901854,-3.5534554,8.19579
-3.891222,-4.037883,8.364728,-3.3092573,-4.332914,-3.3324752,7.55799,-4.5213437,-1.6967531,7.7835746,-2.7111492,-4.39105,6.8995433,6.9829507,0.6756785,8.280289,-2.813355,-4.3243184,-3.0375075,-5.0539846,0.069348745,-4.5811954,2.7184608,4.717169,-2.598259,-4.6841493,-4.51095,-0.41462016,-4.632883,-1.4310174,-4.823765,1.2186791,-4.363936,-3.9928982,-4.2475133,7.465663,1.4870507,8.863885,-4.5923004,-0.5103835,-3.7737005,-0.88030976,-2.885106,8.030688,8.686889,-1.3496828,-4.353635,-4.5803523,5.1263275,-5.049323,0.64681846,-5.1346674,-4.630954,-4.1294165,8.592104,8.273743,5.0967207,-5.1625333,5.1227427,-2.935389,2.5996466,7.3177967,-3.5007079,6.4456606,-3.7227798,-5.2259793,-3.9156425,-5.013103,-3.0066993,-1.7126821,-2.899289,0.7162393,-3.888252,0.2849805,-1.6319095,7.9495163,-4.5864224,3.4506044,8.604841,7.5735736,0.03588566,-3.4018798,7.742499,7.840369,5.3339877,-1.3361875,-3.9117236,3.7473497,-2.962111,-3.281795,-4.3463454,-4.103796,-4.9050965,-4.331166,-3.2130747,0.19818085,-0.77608943,-4.386985,11.547263,-3.3832624,1.530751,-0.31364655,-3.4917521,-4.5738006,-3.6515095,-0.8401492,-0.82671535,9.617693,-1.3738738,0.25516188,3.5697353,-3.7265139,-0.8909835,-3.9384022,6.867144,-5.3252764,6.2075996,9.909622,-0.9134263,3.4159672,-4.7153893,9.278491,4.996616,0.042043447,-4.591517,9.747362,-4.3551574,-2.528585,2.361015,-2.3272355,-4.4253836,-4.396339,2.9853313,-3.082725,3.3228161,5.8118043,-5.2639685,-1.8872913,2.3883922,-5.192562,-2.2270644,-2.5096734,-3.33207,-3.1839075,7.579874,8.141999,3.544834,5.2708764,-3.6682384,-4.0249796,-1.6484983,-1.8879429,1.3493223,8.063533,-4.4955397,-4.209607,-3.7254298,2.2533576,6.842169,0.19127497,-5.0480986,-5.033763,0.49352667,-4.3709984,8.132277,-4.7144427,-4.096577,8.577591
-3.9104047,-3.9841292,4.4466023,-5.830538,-3.6771147,-2.9017375,7.3994093,-3.5927072,2.2651114,8.934842,-0.54411095,-1.7424196,7.846828,7.46889,-0.86104494,9.124244,-2.9636378,-3.6054246,-6.0338664,-4.2854395,-1.307129,-5.1530633,5.576293,5.294296,-4.392668,-5.544885,-4.270679,2.90385,-5.2432837,-2.7207634,-5.0098248,1.6703298,-2.7161648,-4.854813,-4.6015167,5.8982844,1.8631939,9.850798,-3.7746365,-1.3780544,-4.8309293,-2.255935,-2.4688497,7.0194826,9.36106,0.9918763,-4.1309752,-4.4166527,0.69399655,-4.9005985,0.16837788,-6.200767,-4.394004,-4.540737,4.294585,6.043772,3.5301876,-5.350543,3.112969,-1.9329033,0.21888527,3.8981152,-4.273681,6.843045,-5.1356363,-6.682665,-3.8196776,-4.7250013,-3.496405,-1.4978179,-3.9095361,-1.4843113,-5.9382415,3.1808639,0.49556953,9.163949,-3.961583,0.18302527,9.97341,4.9868717,0.69839525,-1.919342,8.738647,6.2787347,6.0075593,1.3272243,-2.6932745,4.577092,-1.7124977,-1.2220732,-4.580611,-3.9392655,-5.096229,-3.1293802,-1.3060205,-2.3374152,-0.043108046,-3.9091713,9.027387,-3.6442735,1.8860257,-2.8711312,-4.243333,-5.572572,-4.178973,-0.79072803,1.3428606,9.995053,-3.4783466,-0.50306356,5.3784823,-2.917567,-0.21279061,-4.184517,2.339566,-3.9298496,3.1650555,10.016313,-1.7161217,1.6965318,-3.570949,4.9350023,6.783804,-3.1214254,-4.344484,9.477652,-3.0189724,-2.963617,3.2785885,-1.0099258,-4.1091576,-5.0108314,3.4928374,-4.401947,6.6337447,6.3593597,-5.090914,-2.2783103,2.5331357,-3.6743653,1.9000955,-0.10881555,-2.3320837,-3.3637707,8.321264,9.727207,3.044765,6.932823,-4.566777,-3.7266998,1.090303,-3.0453305,3.8527153,9.148628,-4.9189677,-4.874166,-1.7159317,3.339679,2.8722076,0.19861528,-4.9287214,-4.8108373,0.43603972,-5.081515,9.497614,-5.28626,-4.1477056,8.346738
-1.3853945,-4.182054,0.054982744,6.41346,-3.993821,-2.8066475,5.29935,-4.8062162,1.9791745,7.338716,-5.871979,-2.8736506,5.1315475,0.3657592,-1.6153666,7.340749,3.7275379,-5.374483,5.550652,1.3724585,-4.1886554,-3.5912,4.389891,9.235596,-3.452706,-2.4895482,-2.6000535,9.817601,-5.0424438,0.44906867,-2.9943063,-4.3401685,-0.52991253,-3.3665266,-5.944771,-1.5767627,0.82655454,8.329718,4.8426733,4.598794,2.2296355,0.31507272,1.8223937,3.0454838,7.504509,-1.115566,-4.8333054,-2.6570554,-1.8377922,-1.2592195,-4.7910624,-4.8058076,-3.2848997,6.1235714,0.16364178,4.0332413,1.1285031,-3.0650678,4.614808,0.114400476,7.5323467,-1.8093446,-2.1681485,0.2947173,-3.1018693,-5.0220604,-0.3899888,-4.1234326,-2.5008392,-3.6269512,-0.62215537,-5.2431045,-5.860292,0.40574178,3.5190284,6.7997656,1.8971593,-1.328188,7.638959,2.378483,13.372708,-5.075508,6.4552536,7.0797467,6.080259,-3.6143248,-2.000619,1.8030142,-5.845612,-5.038278,-4.3828125,-3.6796882,-1.0901899,-6.4049253,0.82405347,-3.3288949,-0.60358137,-2.7533617,5.040218,-5.1122885,-1.3745425,-3.7098317,7.887814,3.764071,-3.601528,-2.1910782,3.5216398,3.5680652,-3.6954834,-3.583779,2.6417243,-3.0755987,-4.565174,-3.2789388,0.17942417,-2.1439173,-0.67553234,7.284432,1.0371951,0.12714306,-3.3971968,0.98126507,5.275508,-2.9265003,-7.449401,7.139154,-0.5523991,5.768478,-7.9284744,0.0766714,-2.8094456,-4.4689093,6.5555506,-3.6343975,3.7497241,5.097347,-5.4722185,-3.9786427,-1.2763222,-2.8785834,4.408908,2.2332788,-4.231483,-4.155451,6.2499776,7.0504637,0.56002855,2.2722075,-4.598351,-4.4504766,3.4121504,-1.7366679,3.4373064,7.6356564,-1.6535431,-2.9880831,-5.75367,3.3387098,3.9287803,-3.7010617,-3.7432005,-3.0012898,-2.2182596,-1.1227009,8.243661,-3.570043,-3.423343,1.5734441
1.6548853,-1.1576753,-3.9166563,-3.0440207,-3.0419884,-2.9173658,1.2216005,-7.294934,0.9577808,7.41174,3.499175,3.0717354,8.48552,8.975724,-3.714308,8.216459,-4.6940584,-0.352933,-2.536862,-2.1421316,3.0869467,-2.6019046,6.8459654,-1.851837,-2.727019,-3.0800498,3.9613907,-1.8363376,0.047507733,-2.13917,-4.6115866,0.9597329,-3.8329778,-3.8757467,0.5376881,3.3581126,2.3612456,8.345396,-1.2854698,-5.6377287,-3.587622,-2.717975,0.5194152,4.777097,7.6209917,3.487866,0.2921682,-4.3876977,-4.88575,-4.378621,-4.511795,-2.6470463,-4.298105,-4.5267773,-0.0069796667,1.7072885,-3.7435129,-0.8692074,3.3649328,1.462099,-3.879233,-3.6827092,-2.5352428,4.352524,-4.196905,-4.7247767,-3.8269448,-1.3704737,-0.3931939,-4.951776,-1.9307268,1.7845945,-4.2822027,-0.10990496,4.7744126,7.452052,6.0129223,0.1186077,8.886907,0.93793553,0.16174553,2.8591352,1.4352335,-4.400293,1.8558416,4.8362746,-2.9649968,4.51451,-6.365453,-0.33791977,-3.8294904,-3.4781506,-3.6287246,-2.0655217,-2.0618699,-3.9875872,-1.4312363,-5.028297,2.692046,-2.890856,1.0670891,-3.442486,-5.001502,-4.689134,-4.2767534,2.435164,3.3325658,6.508646,-3.3244376,5.4288535,-2.17268,-1.7308854,-2.2293646,1.1340334,-4.4217114,-2.8413444,3.6207924,7.7559786,-1.8515421,-1.9637834,-1.542345,-5.660039,7.183586,-5.654527,0.8419415,4.820505,0.8301854,0.3957817,5.3844867,0.74703515,-3.1958876,-4.0636373,7.7803636,-4.030849,7.2776093,5.9260373,-3.1256545,-4.4582996,-0.5292015,-1.8144149,5.345675,3.7289374,-2.0811033,-4.18319,5.8564706,8.171273,1.6207416,4.53761,-4.0759916,-2.1003528,3.4120808,-4.76213,7.2499814,8.429849,2.4293468,-2.9850194,0.42030632,-1.2329693,-6.280458,3.8625886,-1.7079887,-4.0789304,-3.1434898,-0.90500706,7.5070915,-0.5499121,-1.0776801,4.803764
8.3218155,-4.6614532,-2.2169683,-4.283708,-3.9886646,-4.505574,-4.337261,-5.043422,-0.5114778,8.214078,2.1463182,4.852932,9.648022,7.290919,-0.057471193,7.686951,-4.59386,2.6643057,-4.524434,-4.2735567,7.155763,-4.4057407,6.2650275,-3.3959043,-4.4517527,-5.1901546,2.1844823,-4.699282,-4.645667,-3.8713589,-4.185356,-2.647327,-4.315709,-4.840095,-4.3520913,5.8901734,8.791178,8.460939,-4.609441,0.14906648,-5.375051,-2.328179,6.4711356,6.05637,7.5450053,3.8933127,0.5404266,-5.089658,-4.8326454,-5.5031853,-5.1585255,-5.127279,-4.087951,-4.3049355,3.2574613,5.659422,-4.612792,-5.110064,-0.8073287,7.180328,-3.8032644,-4.5247393,-4.5773344,5.172796,-4.863454,-4.9997425,-4.849941,-4.9731894,4.6724725,-4.568599,-4.3780923,5.350397,-5.0643005,-2.0551424,6.14844,8.04998,2.7930179,-3.6240902,8.646489,-3.7313488,-3.1381943,6.49097,10.2236805,-3.9012923,6.949233,7.3315487,3.873719,8.276259,-5.197215,-0.8953285,-4.3703794,-4.997162,-4.7413297,-4.4976354,-1.1044608,-4.7867546,-3.9267926,-4.63364,7.401127,-4.309242,-0.90544355,-0.8194382,-4.038332,-4.4809756,-4.633807,8.597018,6.599857,9.364733,-4.885408,7.0800366,-3.21837,0.31236568,-4.275573,2.7416,-3.1845973,-5.393438,5.4090576,7.2691765,-4.6774573,-4.8206334,-4.054862,-3.5695376,6.665906,-5.0535126,3.1908755,7.4888124,0.27996317,-4.981202,5.842897,-4.5372686,-3.8677902,-4.919423,8.458622,-4.0178633,5.6141677,5.8985186,-3.8062046,-4.173798,-1.6265265,-4.517623,6.7189827,6.852312,-3.4152544,-2.4429789,6.3388505,9.58863,10.160854,5.2632804,-5.5718584,-5.2644377,4.452476,-5.2410107,6.799402,7.970909,5.902669,-3.9690115,-0.80526596,-3.117798,-4.83401,-1.0117248,0.79823315,-4.7399154,-4.369306,-3.1667452,9.87814,-3.9121344,-3.4910438,7.7453113
-5.498821,9.082509,-5.6704526,1.773891,-4.3759327,-4.567025,6.6705837,0.56064075,0.009763762,7.6611233,1.0476354,-5.1429286,8.672698,-3.3031054,2.1881595,9.143614,-4.7044086,-5.240645,-5.0597935,-4.908946,-5.4440618,-4.3366117,5.1416793,-5.7089787,7.2985325,4.240239,-4.1135535,-5.324034,-4.8506737,-5.5498395,-4.8789387,-4.7867484,-4.606191,6.6333637,1.2496102,-5.741981,-5.414603,10.315776,3.0106318,4.710285,-5.562723,-5.381956,-0.7102014,6.6615963,7.9628005,3.0498893,-5.8921046,-5.324126,-5.3575835,6.3928447,-5.4081106,-4.058405,-5.3461595,-4.8459787,0.3942532,5.185219,-2.780361,-4.9574537,5.885884,-5.7164307,-5.32688,6.881031,0.41002822,5.378625,5.3390303,-5.101959,6.1664042,-5.1293473,-5.356452,-5.1933236,-5.043204,-1.7525635,-4.403919,-3.128519,5.2632556,8.492113,-4.2537966,-3.4137533,9.294982,-5.716035,-3.9530861,-4.723846,7.6981378,-5.1281714,0.36119795,4.9411783,1.7073892,5.1572075,3.1467724,-2.6767545,-4.1384754,1.2037828,-2.6447258,2.9107697,-1.0765609,-4.7590923,7.0438046,0.34195945,8.555976,-4.468895,4.954673,-5.2502136,-4.9477916,-5.1809306,-4.479911,0.8846429,7.0763354,-4.3127313,-5.156043,-1.4387468,-0.5588143,2.3309574,5.6386333,-4.7313576,3.7835116,-5.0690536,-4.9162445,7.3920765,-1.9979091,-2.9151177,-5.016457,-4.094668,7.1249447,-5.4072866,0.13137569,6.9538975,-3.9331875,-5.3284683,5.812933,5.4232326,-4.053767,-5.597828,0.28535867,-4.701679,8.3702965,7.1768484,5.0723915,-4.9441714,-2.3958201,-4.1607776,7.741418,9.431447,2.1869104,-3.7695904,7.334925,10.53025,4.3436747,5.1416707,-5.323167,-5.3080263,5.7226024,6.1222277,5.3191323,9.267378,5.339425,-4.874284,-3.7209098,-0.51794523,-4.9865584,-4.0634623,-2.7350514,4.096279,-0.36646265,5.2623053,7.554811,-4.608102,-4.659051,8.722342
-5.205457,8.449291,-6.0788093,2.045796,-3.0472703,-5.994002,6.1495447,-0.61123407,-0.38034785,7.5205665,0.46216977,-4.9361577,8.873906,-3.443112,0.48458597,9.334859,-3.8345907,-5.2392974,-3.6493273,-4.7270727,-4.922225,-5.183248,5.60216,-4.196592,7.256487,3.8029406,-3.7731543,-3.1267672,-5.3707476,-4.8227577,-5.0541453,-4.194977,-3.564849,6.2997413,-0.66374326,-5.4338107,-4.208539,10.466423,3.5362651,2.8488727,-5.8582687,-4.524602,-0.13589369,8.12951,8.560125,2.8764324,-5.947693,-6.1708527,-6.2131305,6.607813,-5.5253134,-5.1070895,-6.156249,-3.8073545,-0.2311078,4.866737,-3.004516,-4.9947805,6.3810368,-3.9531696,-3.9451163,6.1066875,-0.56350356,6.7214603,4.5348563,-5.501735,6.3153996,-5.6192307,-4.1519184,-5.073122,-5.6309433,-2.3360324,-5.432162,-2.669569,5.3222966,8.636682,-2.9258223,-4.3484116,9.137228,-5.364955,-1.7639611,-4.98084,8.524975,-4.173706,0.16435362,5.4273987,0.8346286,3.7956321,1.9993757,-2.8049347,-4.6818676,1.0317687,-3.405931,2.555451,-0.31125188,-5.4008584,6.6440544,-0.18951985,8.106286,-5.370709,5.222086,-5.6029797,-3.5657592,-4.9530616,-5.3752837,1.5487015,8.223686,-3.9866672,-5.6849,-1.4906641,-1.3063227,2.1004038,5.298496,-3.9763665,3.0941195,-5.067946,-4.4015636,7.68831,-2.7735195,-3.8633854,-5.0493894,-5.182158,6.957056,-5.9785213,0.9874331,7.6001577,-4.1874127,-3.5914764,5.928884,5.813619,-3.5107613,-5.768553,0.61437476,-5.5919695,8.716512,7.623015,4.0137,-5.7631493,-2.8237212,-4.005091,9.262305,10.374983,2.8027813,-4.3334327,7.547804,10.528036,4.64745,5.9491415,-6.518041,-6.471823,6.5256596,6.731427,5.5769606,9.671152,5.223914,-4.7856627,-4.1956167,-1.9462855,-4.47607,-3.8830106,-2.1134403,4.6267567,-0.9312612,5.1107235,8.2941885,-4.129583,-5.5562906,7.8751936
-5.226648,8.873438,-6.48721,3.081966,-4.154897,-5.0599575,5.496311,0.34904093,0.17979641,6.8845553,0.69924945,-4.946848,7.8758698,-5.0689397,1.9517646,8.302493,-4.449435,-4.834851,-3.8220966,-4.3729506,-5.5760355,-5.5674562,4.9050827,-5.0169454,7.8817415,4.8851476,-3.622893,-3.6929898,-5.0911174,-5.1633763,-5.530864,-5.0259447,-4.7911158,7.5697136,0.3198102,-7.0487485,-5.1951704,9.482833,3.6460817,4.306805,-5.093991,-5.1667185,-0.37059426,7.1905665,7.505429,3.2745607,-6.0006876,-5.840164,-5.7646356,7.305593,-4.9331274,-4.0469155,-6.2185044,-3.998678,-0.16968858,4.8860636,-2.9773853,-4.805366,6.587511,-4.7770166,-4.4047914,6.4124126,0.62625086,5.9679475,5.881033,-5.008504,7.1926756,-5.2016997,-4.7173896,-5.446239,-5.72598,-2.4092684,-5.632658,-3.2612994,5.5648327,7.771682,-3.4407206,-3.8897574,8.440748,-4.870835,-3.6422544,-5.3940973,7.934981,-4.8105955,0.28244686,5.3139763,1.9591063,4.1724977,3.154323,-2.3421032,-3.9570463,1.7752506,-2.034102,3.138344,0.18921545,-4.7026653,7.6669173,1.0135756,8.611097,-4.515313,5.825184,-5.3413434,-3.7235112,-4.8928714,-4.429613,0.36115855,8.311562,-5.7643566,-5.1926484,-1.83734,-0.9384333,3.3080294,5.658973,-3.8145933,3.4854126,-5.198998,-5.585382,6.4974914,-2.7456264,-3.6979053,-5.2271233,-5.130704,6.2836785,-5.5384884,0.42701566,6.435675,-4.039889,-4.691636,5.8544974,5.7351365,-3.99291,-5.2882013,0.024022102,-4.7652826,7.8581066,6.659106,4.5498495,-5.012827,-2.071933,-4.4635987,8.488909,11.102418,3.1329055,-3.3452957,7.0195227,9.588078,3.912221,5.43961,-5.246514,-5.3723087,6.9370227,7.4047265,5.4347463,8.480466,6.299524,-4.7907143,-4.592366,-1.4006581,-4.361075,-4.5806036,-2.255948,5.254388,-0.116527826,5.980459,7.110901,-4.7105227,-5.177222,7.902336
-5.1776576,9.82624,-6.4348288,2.8829854,-4.017809,-5.2361374,5.5330687,-0.23024,-0.24354957,7.0092754,0.96387786,-4.6728373,8.326176,-3.7876642,1.6709355,8.814238,-4.155598,-5.051135,-3.7020512,-4.6834774,-5.723721,-5.1014876,5.0798297,-5.398319,8.258645,4.900478,-4.5229707,-3.5645728,-4.778212,-4.9955287,-5.0551157,-4.828158,-4.5219936,7.4982586,0.5720378,-6.835537,-4.9813557,9.866257,3.4821162,3.3950875,-4.8486233,-4.715895,-0.1929908,7.160964,7.6942687,2.9631999,-5.8032618,-5.9185762,-6.0626097,7.640174,-5.7176414,-3.8701725,-6.443008,-4.3056145,-0.79406863,4.7366204,-3.1471937,-4.6919417,6.8475146,-4.6461496,-4.8354125,6.4649,0.6474917,5.038843,5.8604116,-4.911099,7.0640216,-4.806815,-4.725635,-5.2255483,-5.0851464,-2.2161167,-5.584438,-3.401304,5.413931,7.939089,-3.1301324,-3.7222466,8.671946,-4.7922764,-2.7104301,-5.099889,8.035026,-4.950771,-0.11319481,5.40613,0.8580694,3.3820872,2.3280954,-2.8120275,-4.034439,1.5299381,-2.7300198,3.0176122,-0.51799864,-4.974914,6.7558184,0.31816837,8.364927,-4.7690344,5.64068,-5.7260427,-3.9814239,-5.2119904,-4.7375345,1.1103264,8.227756,-5.9125485,-5.3743224,-1.061902,-1.0699495,2.1405134,5.2076674,-4.3475747,3.2819195,-4.8138156,-5.24007,6.9726777,-3.1720972,-3.8790793,-4.855496,-5.554094,6.812603,-5.933239,0.4848649,6.7768497,-4.3115435,-3.960521,6.0422435,5.6867146,-3.7705464,-5.346963,0.5967302,-5.0372095,7.857091,6.8105226,4.9588547,-5.43518,-2.3566585,-3.8213282,8.613579,9.922325,2.6879437,-3.773527,6.9290953,9.695007,4.195022,4.9784822,-5.6309204,-5.5944605,6.6626916,7.2346754,5.780183,8.952732,6.345676,-4.4216304,-4.7456403,-1.4463885,-5.575226,-4.082493,-2.15917,5.421862,-0.26031387,6.1550603,7.5732374,-4.335673,-5.0213017,7.002688
-3.0651927,-4.2843323,-0.1987392,-2.1818383,-3.109942,-1.3469359,5.591584,-4.489038,-3.7643418,8.564493,-5.629903,-3.2341068,5.0074935,-2.0038183,-4.0594177,8.021947,-1.5268726,-2.8706527,-0.46638817,-2.2271464,-1.6246359,-0.8904959,7.3981295,0.55328035,-3.4592085,-4.307058,1.9837655,-1.9242496,-2.6339762,-0.3007844,-1.6569,6.5736966,-1.0008202,-3.6699383,-1.1162112,-0.0134412795,-3.6752005,9.410579,4.3696156,-0.21551791,-3.222089,-0.33434397,-0.84788954,6.0085435,7.6642275,8.063804,-1.776448,-1.8469045,-1.0399318,-2.973594,-1.3478172,9.274759,-1.6684073,-1.6309321,-2.142237,6.4193854,-0.49444655,6.291689,5.85658,0.95608604,-0.6717774,-1.6231571,-2.7921925,2.4061913,-3.3921926,-2.2486956,-3.40186,-2.3536372,-0.957465,-2.3456213,-1.7895514,-3.0631244,-0.65095615,-0.42264754,-3.3532262,7.733473,-0.6851526,-1.1912925,9.147538,-0.69393677,-0.79865044,-0.06136819,1.4150894,-0.70336455,-2.4596736,-6.3949137,-2.6652873,2.1496172,-5.4486346,-3.4909759,-3.1984863,2.5764225,-2.7826674,-1.2386615,-2.1613662,-2.342208,6.3898916,-3.240714,4.446097,-3.0828133,0.530687,-1.9228238,-1.7235777,-1.7936083,-2.0107117,-3.7445304,7.272379,-0.23378535,-1.62062,-0.6302,-3.5635223,-2.815978,5.751093,-1.1658851,-2.2592568,-3.2478728,-0.9087122,6.4298983,3.0061436,-2.733693,-2.2235034,-1.7280154,2.4784033,-1.8433979,3.5327082,0.05837843,-0.3836369,0.12454619,3.4819853,1.6915106,-2.5422645,-3.372587,-0.5067715,-3.20004,7.4213567,4.627025,-0.70314825,-3.0403674,-3.129536,-4.0717773,8.359536,7.287097,-4.0632343,-3.0188727,7.1107554,9.983424,-5.131478,3.0134513,-3.1603515,-3.312831,5.7830467,-1.9381789,9.468248,9.051532,-3.0333757,-0.8072475,-4.1918373,-2.86079,-2.2363079,8.297364,-3.2218664,-2.3191738,-2.7347465,-3.3241053,6.5252266,-1.3488865,-1.628028,3.3469014
-3.1168485,-3.1615686,-2.3760333,-1.9176737,-2.3780384,-1.0968056,7.7582493,-3.922577,-1.2153591,9.657633,-4.1547546,-2.1212947,6.467741,-2.1358042,-3.5034206,9.18181,-2.8870468,-2.9415548,-1.5523413,-2.2613764,-2.8815298,-1.7924956,7.735074,-2.1934376,-3.4827662,-4.26737,2.1857467,-2.3802211,-2.6629834,-2.2288027,-2.790584,5.6869864,-1.6250896,-3.2304773,-0.31547737,-2.545688,-4.1327972,10.424596,5.959903,-2.7176774,-2.6835492,-2.8224058,-2.5551956,7.2172265,8.750488,9.076388,-2.8161252,-2.909559,-2.2166946,-3.1907918,-2.6542637,9.380512,-3.1189456,-2.2852259,-4.576279,5.5735,-3.1243925,7.2319813,7.4481635,-1.7435472,-2.4568474,-3.938919,-3.0778575,5.341592,-2.9405496,-2.954092,-3.1381955,-2.6062114,-2.5262234,-2.9371874,-2.5882947,-4.057602,-2.685252,-2.3970501,-1.7953922,8.114469,-2.5114138,-2.0157478,9.609482,-2.0642033,-0.9798637,-2.8680544,2.217477,-2.4911315,-2.571895,-4.448739,-0.8769177,5.3315287,-5.4948716,-3.0053322,-3.2123547,3.4795713,-2.0622172,-0.4692084,-2.676035,-2.3158784,7.449633,-2.894291,4.534372,-3.3204088,1.1138641,-2.871664,-2.5959923,-2.6235497,-2.532387,-4.3835726,7.3059616,0.10523753,-2.1134887,-1.924675,-2.6111543,-3.421694,7.302615,-2.4666243,-2.8147924,-2.6442614,-1.8707076,6.9166627,5.741777,-2.0169835,-2.0912921,-2.476723,4.311085,-2.3859606,3.4342394,-0.1307958,0.6220651,-1.7339216,3.3672185,5.2493544,-2.7411766,-3.4951105,-1.2279885,-2.6353157,9.256048,6.439075,0.28135884,-2.5555978,-3.0891354,-2.7726295,9.397524,7.561762,-2.6134737,-3.0734913,8.389326,11.014339,-4.478521,4.681391,-3.1969922,-3.69613,5.9557614,-2.4205053,8.454816,10.12617,-3.7406802,-2.3543556,-2.8330843,-1.8959327,-4.2792187,8.05942,-3.0160778,-2.6556897,-3.285509,-3.152457,6.818512,-1.9405907,-1.377087,7.137625
-3.5595493,-3.4038026,-3.5670116,-2.2352715,-3.1527865,-1.6054159,9.215528,-3.72193,-0.36694485,10.103662,-3.5838835,-3.3798187,8.107913,-1.9329073,-4.010851,10.178148,-2.8984625,-4.1526523,-2.4316027,-3.4780436,-3.6365097,-2.602259,9.178154,-2.2456107,-3.7441618,-4.1589,1.3200238,-2.763407,-3.4258707,-3.3797855,-2.9561012,5.962294,-2.2030272,-3.493719,-0.87481594,-3.740111,-3.3097665,11.426311,4.521644,-2.25421,-3.066743,-4.308059,-2.3831177,8.019759,9.5662,9.000494,-3.8162131,-3.807792,-3.4172637,-4.2442183,-3.177919,9.637333,-3.562674,-2.378333,-4.311248,6.6596746,-3.9689152,6.5577216,8.196409,-4.0660563,-2.7069938,-2.9558568,-3.5924644,7.273013,-3.4810574,-3.0162344,-4.0732503,-3.0669491,-3.9117136,-3.0907934,-3.5317032,-4.3828483,-3.1297362,-3.6885989,-0.4342876,9.023102,-3.7558248,-3.1170683,10.277924,-2.6867542,-1.6637378,-4.375281,3.8934262,-2.078797,-2.5316217,-3.4412205,-0.43644363,6.677983,-4.0350423,-2.753953,-3.6412108,3.8318765,-3.0323687,0.24966022,-3.0669477,-3.204865,8.167951,-3.109707,6.1437416,-3.5028934,3.438605,-3.6009653,-2.3428001,-2.833483,-2.9524186,-3.721421,8.414641,-0.43079263,-2.9258254,-3.261708,-3.4863942,-3.581075,8.259452,-3.5374088,-3.6521683,-3.6797101,-2.7589092,7.9350777,8.2736435,-3.4785178,-2.9607785,-3.3340578,5.148254,-3.0076723,4.923722,0.3080531,0.33656418,-3.1949682,5.760286,7.1412525,-3.8869402,-3.944467,-2.672713,-3.4379597,11.008284,7.8306737,-0.33649105,-3.1179523,-1.9720725,-3.629291,9.460264,9.069708,-2.0597231,-3.0833533,9.440351,12.232645,-3.3337374,6.430067,-3.3372407,-3.5041718,7.1191416,-2.9606469,9.189101,10.984376,-4.387806,-3.354327,-3.448862,-1.995358,-3.8088515,7.634327,-3.0421453,-3.0424166,-3.2809398,-4.0038557,7.8433228,-1.7898344,-2.4759455,9.766428
-2.1953406,-5.3773894,-4.910316,-3.0841148,-0.72768915,-1.2211341,7.259733,-1.9798903,4.418857,9.4267,-1.4917569,2.8140576,7.560692,1.223259,-0.28159517,7.8004665,2.0057306,-4.244266,-1.4157579,-0.933935,-3.1151621,-2.1964324,6.937968,4.9852347,-5.0677876,-6.218202,-1.0645136,5.745686,-3.9794497,0.2975129,-0.39579722,-0.5422784,3.422919,-4.8119397,-3.0637212,1.5677799,5.6988664,9.3812475,7.045763,3.834219,-4.761756,0.30924642,-0.3473627,0.9618319,8.534616,3.3503418,-0.78540885,-2.2392004,-5.109392,0.34841043,-5.3206387,-4.792189,-0.9827126,1.8029704,-5.0486846,1.4017589,-4.74043,-3.8324797,-3.6302047,1.526334,-0.05297073,-6.6602764,-6.1497855,-1.2200739,-5.1330695,-3.569245,-0.7055055,-2.9899397,-0.8224655,-2.3024764,-0.8558189,-6.1775603,-4.253423,2.2799017,8.174384,7.655181,4.177611,-5.170279,9.324041,-6.0885744,11.394376,-3.3432355,5.4885736,-0.270535,8.683548,-3.543148,0.5082282,2.49596,0.2803915,-2.264557,-3.5954778,-3.4851768,-3.1800654,-3.9908066,-1.7967566,-4.778925,-3.0586495,-4.299286,-0.37814245,-4.5636272,-3.7567577,-4.301733,2.0351276,-1.290242,-2.9871616,2.9427874,4.694323,0.22158231,-4.518927,-3.4351025,2.3764544,-5.6656275,-5.3092546,-2.2333121,-5.5565405,2.7197325,-1.6602882,8.158697,6.5175657,-4.2743287,-0.49409625,-4.3209786,7.4552045,-4.3666725,-4.9179215,7.377807,3.4783573,3.024035,-3.5109313,2.876796,-0.37661308,-4.2907486,8.825081,-4.3432274,8.894751,7.6221147,-6.0191565,-3.8505201,-4.2252946,-2.2037358,8.866312,5.932395,-4.030083,-0.9489972,7.9895153,9.651328,2.2083926,4.264909,-4.183893,-5.0471554,5.978248,-6.001613,8.510181,9.08612,-5.607194,-2.2589192,-4.0976496,7.709075,-1.3974288,-1.9659147,-2.8108613,-3.0703597,-6.2864776,-2.7713625,9.210984,-1.7814919,1.0394619,4.990327
-3.6985471,8.34408,-5.200587,8.522696,-5.0266347,-5.3624167,0.9479276,-7.253515,-0.7591329,6.5997214,0.86084706,-3.444508,7.797885,1.0066577,-3.6746137,7.540615,2.777461,-5.461708,9.052163,-4.5547733,-6.73562,-2.023033,5.1074963,9.020131,7.4533567,3.4388356,-3.0428684,2.7026956,-4.5528593,-2.284883,-1.221216,-6.4806623,-3.8073754,5.8701205,-5.895306,-5.4354944,-0.24631591,8.902889,-5.801226,0.44869468,-1.9901582,-3.421244,7.832567,4.89824,7.0515375,-5.260431,-6.110514,-5.5046873,-6.6082306,6.3836265,-5.285639,-5.827357,-5.6931033,6.1838703,2.5788424,4.487485,0.4871377,-6.9112945,6.6274037,0.28478888,6.9421053,8.715417,2.8632731,-3.8261125,5.2009435,-4.8745346,4.9801507,-5.7210507,-5.450314,-3.868946,-2.5808783,-0.07626814,-4.0558863,-4.0590396,2.552866,8.122553,-3.2926607,-5.194475,9.006145,4.602654,11.79847,-4.227769,7.853575,5.1270537,2.9764855,3.8789916,-5.059403,-3.5151277,-2.5385146,-5.263368,-6.023275,-6.272326,-5.2272906,-1.7426851,-3.0030966,-5.6618423,-1.6712445,-5.7868023,11.231435,-5.1236005,-0.2453589,-5.9554887,8.735979,0.5771476,-4.619174,3.9481041,8.181035,-3.4141335,-5.82523,3.2040405,-0.13894129,-0.7213148,-3.2344744,-2.5272503,-2.989077,-6.125462,-5.092363,7.4296303,-0.10263333,-3.9699235,-6.1249933,-2.0646672,5.7575636,-6.841132,-6.684439,8.495503,-4.9060273,3.1582887,0.6652214,-1.4261193,-6.9203115,-5.2390428,7.083587,-6.3020306,3.226301,5.242779,-4.2012877,-6.207519,-0.31548464,-5.2070704,7.1858397,4.9043837,1.9971362,-5.221215,5.6587615,4.836748,4.609403,0.4019635,-5.963531,-4.177907,5.7383485,6.4147754,7.887434,8.456883,5.1779585,-3.3896537,-4.8240623,1.5768867,0.9255163,-6.24083,-2.842099,3.888402,1.6060419,4.216314,10.041405,-1.0337049,-6.1538815,0.7530341
-4.8993874,9.559683,-5.106239,6.4599333,-4.517338,-5.1921573,1.956632,-5.3578176,-0.41471666,5.729083,1.0225605,-2.6580145,7.859168,-0.39545232,-1.9463507,7.2559476,0.46887228,-5.4032164,7.494674,-4.135504,-6.4934516,-3.515386,4.9740124,4.6379404,8.004218,5.766831,-3.3476634,1.6840081,-3.976579,-3.1328785,-2.9832501,-6.1333613,-3.1677485,7.1996264,-7.424754,-5.821931,1.13034,8.201056,-5.0062714,0.20903781,-2.5789483,-2.8408575,5.6272583,5.4629126,6.4559546,-6.1218266,-7.2462893,-5.8049145,-5.923688,7.4608073,-4.9142375,-6.975828,-5.1725187,3.6830611,2.5184767,3.457716,1.5872077,-7.045194,5.903826,-1.1278228,4.746264,7.33861,1.8587689,-3.9016912,6.146603,-6.173369,5.882877,-5.640922,-5.445421,-5.243321,-2.0756571,0.8965832,-5.905925,-5.331584,3.3789046,7.6223793,-4.126055,-6.340058,8.759659,5.259576,9.655469,-6.143179,8.63031,2.6045706,3.7306411,3.3426135,-2.7706695,-3.5479438,-0.48074657,-4.534721,-6.2528443,-5.720577,-5.2500663,-0.38377213,-3.631037,-5.9267735,-1.0226178,-5.217224,11.336039,-4.888175,-1.8080912,-5.462977,5.9029894,-1.9832317,-4.157447,4.170826,7.7961946,-4.8834915,-5.818132,0.7926056,-0.0080107115,0.1089806,-2.1718998,-3.2685459,-1.996645,-6.9640603,-5.0819883,7.4182506,2.2569294,-3.8914852,-6.7777,-0.46987566,6.236065,-5.4625225,-6.884312,7.6159463,-5.236623,3.2602358,1.065146,1.0381975,-6.7975454,-4.638425,6.6807847,-5.8313513,3.935813,6.141587,-4.5241637,-5.974431,0.39373747,-5.043285,7.6810684,7.256794,3.8644135,-3.4700155,5.4945807,4.2351093,6.7817216,1.4670502,-6.151975,-2.6145816,5.551709,6.705672,7.724484,8.089368,5.464433,-3.4397693,-5.594315,2.3515728,3.903877,-6.4398084,-3.1726282,4.5416203,2.8104672,5.803086,9.666363,0.0627553,-5.781573,3.1640813
